-- --------------------------------------------------------
-- Host:                         127.0.0.1
-- Server version:               10.1.16-MariaDB - mariadb.org binary distribution
-- Server OS:                    Win32
-- HeidiSQL Version:             9.4.0.5125
-- --------------------------------------------------------

/*!40101 SET @OLD_CHARACTER_SET_CLIENT=@@CHARACTER_SET_CLIENT */;
/*!40101 SET NAMES utf8 */;
/*!50503 SET NAMES utf8mb4 */;
/*!40014 SET @OLD_FOREIGN_KEY_CHECKS=@@FOREIGN_KEY_CHECKS, FOREIGN_KEY_CHECKS=0 */;
/*!40101 SET @OLD_SQL_MODE=@@SQL_MODE, SQL_MODE='NO_AUTO_VALUE_ON_ZERO' */;


-- Dumping database structure for pocketwaiter
CREATE DATABASE IF NOT EXISTS `pocketwaiter` /*!40100 DEFAULT CHARACTER SET utf8 */;
USE `pocketwaiter`;

-- Dumping structure for table pocketwaiter.company
CREATE TABLE IF NOT EXISTS `company` (
  `id` int(11) NOT NULL AUTO_INCREMENT,
  `name` varchar(100) NOT NULL,
  `email` varchar(70) DEFAULT NULL,
  `desc` varchar(1000) DEFAULT NULL,
  `website` varchar(50) DEFAULT NULL,
  `phone` varchar(20) DEFAULT NULL,
  `address` varchar(250) DEFAULT NULL,
  `logo` blob,
  PRIMARY KEY (`id`)
) ENGINE=InnoDB AUTO_INCREMENT=5 DEFAULT CHARSET=latin1;

-- Dumping data for table pocketwaiter.company: ~2 rows (approximately)
/*!40000 ALTER TABLE `company` DISABLE KEYS */;
INSERT INTO `company` (`id`, `name`, `email`, `desc`, `website`, `phone`, `address`, `logo`) VALUES
	(1, 'WOW Burger', 'info@wowburger.ie', 'The best burgers in town!', 'www.wowburger.ie', '012346789', '10, Wellington Quay, Dublin 2', _binary 0xFFD8FFE000104A46494600010100000100010000FFDB00430006040506050406060506070706080A100A0A09090A140E0F0C1017141818171416161A1D251F1A1B231C1616202C20232627292A29191F2D302D283025282928FFDB0043010707070A080A130A0A13281A161A2828282828282828282828282828282828282828282828282828282828282828282828282828282828282828282828282828FFC00011080120012003012200021101031101FFC4001F0000010501010101010100000000000000000102030405060708090A0BFFC400B5100002010303020403050504040000017D01020300041105122131410613516107227114328191A1082342B1C11552D1F02433627282090A161718191A25262728292A3435363738393A434445464748494A535455565758595A636465666768696A737475767778797A838485868788898A92939495969798999AA2A3A4A5A6A7A8A9AAB2B3B4B5B6B7B8B9BAC2C3C4C5C6C7C8C9CAD2D3D4D5D6D7D8D9DAE1E2E3E4E5E6E7E8E9EAF1F2F3F4F5F6F7F8F9FAFFC4001F0100030101010101010101010000000000000102030405060708090A0BFFC400B51100020102040403040705040400010277000102031104052131061241510761711322328108144291A1B1C109233352F0156272D10A162434E125F11718191A262728292A35363738393A434445464748494A535455565758595A636465666768696A737475767778797A82838485868788898A92939495969798999AA2A3A4A5A6A7A8A9AAB2B3B4B5B6B7B8B9BAC2C3C4C5C6C7C8C9CAD2D3D4D5D6D7D8D9DAE2E3E4E5E6E7E8E9EAF2F3F4F5F6F7F8F9FAFFDA000C03010002110311003F00FAA68A28A0028A28A0028A28A0028A28A0028A28A0028A28A0028A28A0028A28A0028A28A0028A28A0028A28A0028A28A0028A28A0028A28A0028A28A0028A28A0028A28A0028A28A0028A28A0028A28A0028A28A0028A28A0028A28A0028A28A0028A28A0028A28A0028A28A0028A28A0028A28A0028A28A0028A28A0028A28A0028A28A0028A28A0028A28A0028A28A0028A28A0028A28A0028A28A0028A28A0028A28A0028A28A0028A28A0028A28A0028A28A0028A28A0028A28A0028A28A0028A28A0028A28A0028A28A0028A28A0028A28A0028A28A0028A28A0028A28A0028A28A0028A28A00F91FF006AA3E32F0778BA0D5B46F13EBF6DA1EAA3E4860D4664482650372050D8008C30FAB63A5733FB3CFC58D7ACFE2669F67E26D7F53D474CD4BFD08ADF5DC932C52311E5B8DC4E0EE0173E8C6BEB0F8AFE0D83C79E05D4B4298AA4D2AF996D2B0FF5532F28DF4CF07D89AFCE3BCB6BAD2F529ADAE6392DAF6D6531C887E568E453823D8822803F52ABE2CFDA57E2A6B927C4BBAD33C31AEEA7A758694A2D5C58DDBC225981CC85B6919209DBCF4DA7D6BDE34BF8AF0BFECFFF00F09C4EC8D7B05998A48CFF0015E03E585C7A33E0FF00BA735F0B58DA5FF8875D86D6D964BBD4F50B808A339692476EE7DC9EB401F46FECAEBE32F18F8AA6D635AF13F882E342D2F868A6D46674B8988F95082D8200F988FF007477AEBFE3A7ED091F856FAE340F06A4177ABC24A5CDDC837456CDD0A28FE271DF3C03C727206BF8D2487E067ECFAB61A449B753751691DC2705EEA504BCBCF3C00E47A6D515F10C692DD5CAA20796799C003AB3B13FA926803AEBFF008A5E3CBEBA7B89FC61AEAC8DD4417B2429F82A10A3F01502FC48F1C2B061E32F12641CF3A9CC47E5BABED4F835F07B43F026816CF79636D79E219630D757732090A311CA479FBAA3A64727A9EC0745F107E1BF86FC73A44F67ABE9D02DC329115EC51859A16ECCADD7AF383C1EF401F37FC23FDA5754B1BEB7D37C7EE2F74D73B7FB4563C4D0FA160A30EBEB81BBBF3D2BEBDB5B886EED61B9B59526B7990491C8872AEA464107B820D7E6578CFC3D77E13F14EA7A16A38373633189980C071D5587B329047B1AFAB7F634F19CDAAF86751F0C5F48D24BA5309AD8B1CFEE1C9CAFFC0587E4C3D2803CFF00F6A3F18F89B45F8B37367A3F88F59D3ED05AC0C20B5BE962404AF276AB01935D7FEC73E26D7B5FD4FC509AF6B7A9EA6B0C3018C5EDDC9304259F3B77138CE074F4AF32FDAEFF00E4B35DFF00D79DBFFE835DB7EC3BFF00216F16FF00D70B6FFD0A4A00FAD6BE6BFDB2BC47AE787FFE110FEC1D6752D33CFF00B679BF62BA787CCDBE46DDDB48CE32719E9935F4A57CABFB73FF00CC93FF006FDFFB6F401CA7ECC9E33F146B3F17F4BB2D5FC49AD5FD9BC339682EAFA596362226232ACC41C1AF61FDAE3C49ACF86BC13A44FA06A777A74D3DFF00952496D214665F2DCE3239EA057807EC9DFF0025B748FF00AE171FFA29ABDA7F6DAFF910B41FFB09FF00ED27A00F983FE163F8E3FE872F127FE0D27FFE2A8FF858FE38FF00A1CBC49FF8349FFF008AAB5F05555FE2D78455D4329D4A10411907E615FA29AA69961AB5A3DAEA9656D796CE0AB457112C8A41EA3045007C23E09F8FFE3AF0D5DC46EF537D6AC41FDE5B6A077961ED27DF07F123D41AFB5FE1FF008BF4DF1CF856CF5DD1D9BC89C10F1BE37C2E3EF2363B8FD460F7AF813E357872C7C27F147C41A36927FD06DE65689776ED8AF1ABECCFFB3BB6FE15F427EC3F3CCDE1EF14DBB16FB3C7750C883B066460DFA2AFE9401F4CD14514005145140051451400514514005145140051451400514514005145140057C73FB61F803FB2BC436FE2FD3A122CF53222BCDA388EE00E1BDB7A8FCD4FAD7D8D5C17C79B3B7BEF83DE2B4BB856558EC5E640DFC2E8372B0F70403401F0147E25D4A3F084DE1A59C8D2A5BC5BE68FFE9A2A14FC88238F551E95F44FEC71F0FBCEB9B8F1BEA510F2E1DD6DA7061D5F189241F40760FAB7A57CB95FA5FF000CAD60B2F875E1982D6258A15D36DC855181931A927F1249FC6803C0FF006E3BB74D3BC216633E5CB2DD4CDCF1941101FF00A30D783FC0BB24BFF8BFE1282550CA2FE39704E394F9C7EAB5F42FEDBBA4C971E17F0DEAC89BA3B3BB96DDC8CFCBE6A023F0FDD7F2F5AF997E19EB717873E20F87B57B938B7B4BE8A498FA47B8073FF7C93401FA5D452232BA2BA3065619041C82296803E21FDB2ACA2B5F8B704D10C3DDE970CD27BB07923FE48B4CFD8E6E5E0F8BAF1297DB71A74C8C074E191B9FFBE6B2BF6A9F1045AF7C61D412DDC490E9B0C760AC0F195CB38FC1DD87E15D5FEC53A44973E3CD6756C37916561E492071BE5752BFA46F401CFF00ED77FF00259AEFFEBCEDFF00F41AEDBF61DFF90B78B7FEB85B7FE8525721FB61DB3C1F180CAE0EDB8D3E09138EC0B2FF003535D17EC477AB1F8BFC45645D434F6292853D4EC931FF00B3D007D855F2AFEDCFFF00324FFDBF7FEDBD7D555F24FEDC57C926B1E12B0057CC820B89C8EE048C8A3FF459FD680382FD93BFE4B6E91FF5C2E3FF0045357B4FEDB5FF00221683FF00613FFDA4F5E3BFB235B3CFF19ECA4404ADBDA5C4AF819C029B79F4E5857B17EDB5FF00221683FF00613FFDA4F401F2878275DFF8463C5DA46B9F66FB57F67DCA5C791BF6799B4E71BB071F5C1AF7FD6BF6B2D52E2CE48F46F0BDAD95CB2E165B8BB37014FAED0899FCFF00C2BC17E1FE870F897C6FA1E8B752C91417F771DBBC91E372863824678CD7D03F113F65F874AF0D5E6A5E14D5EEEEEEAD23699AD2E91499954648565C61B1D01073D38A00F03D334BF12FC44F14CDF62B7BBD5B57BC94CB348067058F2CEDD157DCE00AFBC7E097C3E8FE1CF81E0D29A459B5099CDCDECABD1A5200DABDF6A8000F5C13C6715F00F853C47AAF8535CB6D5F42BB92D6F606C8653C30EEAC3A329EE0D7E8FF00813C47078BBC1DA46BD6A02C77D6EB294073B1FA3AFE0C08FC2803768A28A0028A28A0028A28A0028A28A0028A28A0028A28A0028A28A0028A28A002B8AF8D9FF248FC5FFF0060C9FF00F4135DAD61F8EB426F13F83B59D1239D6DDF50B592DC4ACBB821618CE38CD007E63D7E9AFC3EFF00910BC35FF60CB6FF00D14B5F34FF00C3255FFF00D0DB6BFF00802DFF00C5D7D4BE1CD38E91E1ED2F4D6904AD676B15B9900C062881738ED9C500667C45F0A5AF8DBC19AA68178C116EE3C472EDCF95203947FC180FA8C8EF5F9CBE2AF0EEA7E15D7AEF47D72D5EDAFAD9B6B2B0E1876653DD4F507BD7E9ED719F127E1AF86FE21D8AC3E20B326E6252B05E42764D0E7D1BB8F6208F6A00F993E0FF00ED1F75E13D0EDF44F14D84DAA58DAA88EDAE6070268D074421B8600700E4100639EDD0FC40FDA9D2EB4A9ED3C11A55D5B5D4AA545EDFED0D103D4AC6A5816F425B03D0D56D6BF64DD416E1CE89E27B59603CAADE5BB46C3D8952C0FD703E951695FB26EAEF709FDADE26B0860CFCC6DA079588F6DDB47F87BD007CE16B6F79AB6A51C16D1CF797D7526D54505E495D8FE64935FA07F017E1F7FC2BBF02436373B1B56BB6FB4DEBAF2039000407D14003EB93DE9DF0BFE0FF0085BE1E1171A5DBC975AA9428D7F74774983D4281C20FA0CFA935E8B401F37FED97E0A9F54D034EF155844D249A6660BB0BC910B1CABE3D15BAFF00BF9E80D7CB9E01F166A3E08F15596BDA4143736C4E63933B254230C8D8EC41FC383DABF4C278A39E19219E34922914A3A3A82ACA460820F506BE78F1F7ECBBA26AF7735EF853527D1A49097369247E6C193D9790C83FEFA1E80500575FDAC740FECCDEDE1CD53FB476FF00A912C7E567D3CCCE71FF0000AF993E2378CF52F1EF8AEEB5DD5F6ACB2E1238533B218C7DD45CFA727DC927BD7B30FD943C4DBF075FD1B667AE25CE3E9B7FAD7A17807F660D0345BC8AF3C51A849AE4B190CB6C23F260CFFB4324B8FC40F5068028FEC6BE07B8D2F46D43C59A8C4D149A928B7B35618260072CFF00466031FEE67A11567F6DAFF910B41FFB09FF00ED27AFA2228D218923891523401551460281D001D8579BFC74F86B37C4DF0F69FA6DBEA51E9CD6B75F68323C2640C3632E3008FEF5007C57F04FFE4AE7843FEC2707FE842BF47ABE67F02FECCF79E18F18E8DADC9E26B7B84D3EEA3B8312D9B2970A738CEF38AFA62803F347E26683FF0008C7C40F1068C176C7697922C4318FDD9394FF00C74AD7D53FB176BFF6FF0000EA7A2C8F9974CBCDE83D2294640FFBED643F8D5DF8D1F007FE16178C7FB7AC3598B4D924B748A78DED8C9E63AE407C861FC3B463FD9AB5F03BE0B6A5F0C7C49797EDE20B7BFB4BBB7304B6EB6A50E4302AC0EE3D3047E26803DBA8A28A0028A28A0028A28A0028A28A0028A28A0028A28A0028A28A0028A28A0028AF9F7E2F7ED0577E00F1D5E787E1F0FC17A90471B899EE8A13BD0374DA7A66BA2F80DF186E3E285E6B105C68F169C2C2389C149CC9BF7961DD4631B6803D828A28A0028AABAA6A367A4E9F3DFEA7750DA5940BBE59A670A883D4935F3AF8DBF6A8D2AC6E64B6F0968F26A614E3ED772E618CFBAAE0B11F5DB401F4A515F19A7ED5BE2D1704BE89A11831C20498367FDEF331EBDABD17C03FB50683ABDC4569E2BB0934499B8FB4A3F9D013EFC065FC88F53401F43D151DBCD15CC11CF6F2A4B0C8A1D248D832B29E410470454940051585E30F17683E0ED33EDFE25D4A0B0B72484DE496908EC8A32CC7D8035E03E26FDABF4E85E48BC35E1DB8BB00E167BD98440FBEC50C4FE62803E9BA2BE3A3FB58788FCD04787B48F2BFBBBE4CFE79FE95D5F843F6A98351D46D6C75BF0BCF13CF22C4B2D8DC090966381F2305EFFED5007D35451595E27F10E93E16D1E6D575FBE8ACAC62FBD2C87A9ECA00E589F4009A00D5A2BE5CF16FED5D04570F0F84FC3E6E225240B9BF93606FA46BCE3EADF8572F6FFB5778AD666371A1E84F167E554595180F725CE7F2A00FB2E8AF0DF86FFB487867C53770E9FAD412683A84A424666904903B1E3024C0DBFF0002007BD7B9039191D2800A28A2800A28A2800A28A2800A28A2800A28A2800A28A2800A28A2800A28A2803E0CFDAC7FE4B6EAFF00F5C2DFFF00452D77DFB0EFFC85BC5BFF005C2DBFF4292B81FDAC7FE4B6EAFF00F5C2DFFF00452D77DFB0EFFC85BC5BFF005C2DBFF4292803EB5A28AC0F881ABBE81E05F106AD167CDB3B09A68F1FDF54257F5C5007C73FB4EFC50B9F1778AEE341D36E197C3DA64A620A8DF2DCCCBC348D8EA01C85FA67BD72DF067E14EA9F137569A3B6956CB4AB5C7DAAF5D776D27A2AAE46E63F5000EA7A03E7449624B1249E4935FA0FFB386831681F07BC3EB1C7B65BE87EDF331182ED2FCC0FFDF3B47D050070179FB28F85DB4F64B2D775A8AFB6F12CA62923DDEBB0229C7B6EAF97FE24781F56F87FE269B46D6D14B81E6433C79F2E78CF47527F10476208AFD2BAF9EFF6D0D0A0BCF87FA76B3B545DE9F7AB187C7263914865FF00BE950FE0680387FD913E25DC5A6B0BE09D5A6692C6E833E9ECEC4F93281B8C63D1580240FEF0FF006ABE98F889E2EB2F03F83F50D7B51F9E3B64FDDC40E0CD21E1107D4F7EC327B57E71F85F559343F12E95AAC24892C6EA2B9047FB0E1BFA57D2DFB6FEB720FF008467424C884F997B273C330C227E40BFE7401F3B78E7C5DABF8DBC4171ABEBB74F34F213B133F2429D9107603F5EA724E6BD1BE16FECFBE24F1C69D0EA9773C5A2E9330DD14B3C65E5957FBCB1823E5F72467B64735CA7C0DF0C41E2FF008A5A16937C8AF64D299AE11BA3A46A5CA9F63B71F8D7E8BAA8550AA005030001C01401F340FD93347D983E28BFDF8EBF664C67E99FEB517847F667BCF0CFC45D0B56FEDAB4D4B48B2B91712AC90B45282A0B26172C0FCE173C8F5C76AF5DD4FE3278034BD4AEF4FBFF00125BC3796933C1344629494752559785C7041155BFE179FC37FF00A1A6D7FEFCCBFF00C45007A34F2C704324D33AC7146A5DDD8E028032493E95F9EBF1C7E255EFC45F174F389644D12D5CC7616DB8ED080E3CC23FBEDD49EC303B57D6FF001E3C5500F809AD6B1A2CFE7DBEA36B1C304CA080F1CCCA84F3C8F919ABE01A00F5FF0081DF04F50F892B2EA3777474DD0617F2CCE13749338EAA83A71C658FAF00F38F64D7BF651F0FBE9CE340D775582FC0CA1BD31CB131F4211148FAE4FD0D7B8FC3FD062F0C782744D1608C462CED238DC7ABE32E4FB962C4FB9AE82803F30BC57E1ED4BC2BE20BDD175A80C17D68FB1D7B11D4329EEA46083E86BEABFD913E255C6B5633F83F5A98CB75610F9D6333B659E104031927AEDC8C7FB27FD9AC1FDB7742863BCF0DEBD12AACF32CB6731FEF05C327FE84FF00A578D7C04D51F48F8C5E14B88D88F36F92D4FB897F7447FE3F401FA2B4514500145145001451450014514500145145001451450014514500145145007C19FB58FF00C96DD5FF00EB85BFFE8A5AEFBF61DFF90B78B7FEB85B7FE8525703FB58FF00C96DD5FF00EB85BFFE8A5AE97F640F14E85E18D4FC4CFE21D5ACF4D49E180446E65081C867CE33D7191401F675715F1AED5EF3E1278BA18C333FF66CCE029E4ED52DFD3A51FF000B5FC03FF437E89FF816BFE35774AF19784BC5B2CFA5693AE69BA9CB2C2DE65BC13ABB18FA31C0EDCFEB401F9A75FA3FF052FA3D43E11F8426871B574C8203839F9A34119FD54D7C0FF12BC2575E08F1AEA7A15E2B62DE52609187FAD84F28E3EA319F7C8ED5EDFF00B2DFC61D3BC3962FE13F155CADA58994CB657921C47116E5A373FC209CB03D325B3DA803EBEAF11FDB02F96D7E0F4903300D797D042A3D71B9FF00F64AF56BBF14E8167A79BFBAD6F4C8AC802DE7B5D20423D8E79AF8A7F695F8A56FF107C456D67A2333683A66E10C8C0AFDA246C6E930790380067DCF7C500790E9F6AF7D7F6D69167CC9E55897033CB1007F3AFA23F6DBB778FC63E1C9F69113E9ED1A9C71959093CFFC085721FB2F78266F15FC4BB3BF9636FECCD1596F26723832039893EA5867E8A6BE89FDAB3C0F3F8B3E1E2DFE9D134BA8E8AED7291AAE59E22009147BE02B7FC03E9401F37FECB5A945A77C6AD144EC152E926B604FF79A36DA3F1200FC6BEFAAFCB2B1BB9EC2F6DEF2CE5686E6DE45962917AA3A9C823DC102BEDBF853FB43786BC49A65BDB78A6F21D175B450B235C1D904C7805D5FA2E7FBAD8C7BD0078CFC46F811E3DD4BC6BE28D62D34CB76B0BAD42EAEE27377182636919C1C1391C1E95E075FA53AE78D3C2D168B79249E24D1550C0F826FA2E78238F9B9AFCD6A00FAFBE225A35CFEC71A2BA2B9FB3D9D8CA76FA6E55E7DBE6AF906BF41BC09A141E27FD9E346D12E9B6C57FA22405F19D84C7C37E0707F0AF8235DD26F342D66F34BD4E1686F6D25686543D981FE5DC1F4A00FD3BD2AF62D4B4CB3BEB720C3750A4E841CE559411FA1AB55F347ECCDF19F493E1BB3F09F8AAFA2B1BDB21E559DCDC3ED8E68BF850B1E1597A0CE32318E6BDE35CF19F86F42D35AFF0056D734EB6B50BB8334EA4B8EBF28072C7D866803C13F6E0BE44D03C2F61B87992DD4D3EDC738440B9FFC7FFCE2BE79F82F68F7BF16BC1F1459DCBAA5BCC7033C23873FA29AD0F8E9F10DBE2378E26D461568B4BB64FB358C6DF7BCB049DEDFED3124FB0C0E719AF48FD8DFC153EA1E2CB9F16DCC6CB65A623416EC47124EEB838FF7509CFF00BE2803EC8A28A2800A28A2800A28A2800A28A2800A28A2800A28A2800A28A2800A28A2803E2AFDA6FC19E28D67E2FEA97BA4786F5ABFB378600B3DAD8CB2C6C444A0E195483835E57FF0AE3C71FF00426F893FF0573FFF00135FA5345007E6B7FC2B8F1C7FD09BE24FFC15CFFF00C4D7B2FECA1E10F12E87F1464BBD6BC3DAC69D6A74F993CEBBB29614DC59303732819E0F1ED5F6251401E71F19BE14695F1334945B87FB1EB16CA45A5EAAE76E7F81C7F1213DBA83C8EE0FC6DE30F833E3AF0B5C4A977A0DD5E5B29C2DD5821B88D87AFCA32BFF000202BF4428A00FCC28BC35AECB2048B45D4DDCF455B49093F862BD2FC01FB3DF8D3C4F751B6A766DA0E9D905E7BE5DB263D162FBC4FF00BDB47BD7DE54500737F0FBC17A3F80FC390E8FA0C252153BE495CE649A4239763EA71F41D05749451401F36FC62FD9B60D72FAE358F034D058DE4A5A49AC262443239E4946E7613CF1F77FDD15F3B6BBF097C7BA248CB7DE15D5582E72F6D09B84FAEE8F70AFD1BA2803F32C782BC54C405F0D6B649E001612FF00F135D4683F047E21EB4EA20F0CDE5B21C12F7A56DC283ECE41FC0026BF4328A00E77E1CE8B73E1CF01E81A35FB44D7763671C129889285954038240C8FC2BCFF00E3AFC13B1F88C8353D3668F4FF0011C49B04CC0F9770A3A2C98E463B30C91D3078C7B151401F9C5E28F855E37F0CCEE9A9F8735031A923CFB788CF11F7DE99038E79C1AC2B5F0AF886EE7586D742D56695B8091D9C8C4FE0057E9D51401F11FC35FD9BBC4FAFDDC571E2A43A1694082EAE41B8907A2A0CEDFAB631E86BEC9F0CE83A6F86343B4D2344B65B5B0B54D91C6BCFD49279249E493D4D69D14005145140051451400514514005145140051451400514514005145140051451401CA789BE22784BC2FA90B0F106BB696178631288A5273B4E403C0F6352F857C7BE17F165E4D6BE1CD6AD750B8863F3644849CAAE40CF23D48AF91BF6C8FF0092B917FD8321FF00D0A4AD6FD897FE47DD7BFEC19FFB552803EC9AC5F1578AB43F09D9C375E23D4A0D3EDE693CA8DE6270CD8271C0F406B6ABE75FDB6BFE442D07FEC27FFB49E803D5747F8A9E08D6753B6D3B4BF1258DCDEDC3EC8A142DB9DBD0715DAD7E757C04FF0092C7E12FFAFE5FE46BF45680394F137C44F09785F52161E20D76D2C2F0C625114A4E769C80781EC6B27FE173FC3BFF00A1B34EFCDBFC2BE61FDB23FE4AE45FF60C87FF004292BC83C39E1CD67C4B752DB787F4CBBD467893CC78EDA32E557206481DB245007DFBFF000B9FE1DFFD0D9A77E6DFE15A9E1BF88FE10F136A6BA7683AF59DF5EB29710C44EE2A3A9E457C1DFF000AA3C7DFF4286B7FF808DFE15EB1FB31780FC57E1FF8AD6D7DADF87F53B0B35B5990CD71032282578193401F635719AAFC53F02E957525B5F78AB4949E3728F1ACE1CA30EA085CE08E9CD7675F997F107FE47DF12FFD84EE7FF46B5007DD7FF0BCFE1BFF00D0D36BFF007E65FF00E22B4B47F8B3E03D62658AC7C55A5995885549A5F24B13D807C64D7C4FE05F839E30F1C688356D06D2DA4B02ED18925B9442597A8C1E7BD6278E7E1FF89FC0D3C51F89F4A96CD6624453065923931D83A9233EDD7DA803F4A5583286520A919041E08A5AF84FF672F8ABA9F847C59A768B7F7724DE1BBF996DDE095B2B6CCE70B2267EE8DC46E038233C6715F76500725E24F88FE10F0CEA6DA76BDAF59D8DEAA8730CA4EE0A7A1E0565FF00C2E7F877FF0043669DF9B7F857CABFB5DFFC966BBFFAF3B7FF00D06BCBBC39E19D6FC4D3CD0F87F4BBCD4658543C896D1172AA4E3271401F7DFF00C2E7F877FF0043669DF9B7F856B7867E22784BC51A91B0F0FEBB697F78233298A2273B46013C8F715F067FC2A8F1F7FD0A1ADFFE0237F857B17ECAFE06F14F877E27497BAEE81A969F6874F963135C40C8BB8B26064F7E0D007D794514500145145001451450014514500145145001451450014514500145145007C41FB647FC95C8BFEC190FFE85254BFB206BBA4683E35D6A7D7754B0D360934FD8925E5C242ACDE621C02C402700F1517ED91FF25722FF00B0643FFA1495E1F05BCD70C56DE2925603242296207E1401FA4BFF000B1FC0FF00F439786FFF0006907FF155E0BFB5FF008ABC3DAF782B458342D7B49D4A78F50DEF1D9DE47332AF96E32429240C91CD7CB7FD997FFF003E575FF7E9BFC2A29ED2E6DD435C5BCD1293805D0A827F1A00EE3E027FC963F097FD7F2FF235FA2B5F9D5F013FE4B1F84BFEBF97F91AFD15A00F883F6C8FF92B917FD8321FFD0A4ABBFB19DFD9E9FE39D724BFBBB7B58DB4EDAAD3481013E6A7009354BF6C8FF92B917FD8321FFD0A4AF12B2B1BBBE764B2B59EE5D464AC3197207AF1401FA6DFF093683FF41BD33FF02E3FF1AB561AAE9DA83B2585FDA5D320CB082657207BE0D7E65FFC23DAD7FD02351FFC067FF0AFA2FF0062ED32FEC7C55E227BDB2BAB656B240A66899013BFB645007D6B5F997F107FE47DF12FFD84EE7FF46B57E9A57E65FC41FF0091F7C4BFF613B9FF00D1AD401F64FEC83FF24720FF00AFE9FF0098A3F6BBBDD3ADFE105CDADEB47F6CB9B98459A13F36F5705980F64DC09FF6BDEBE47F0D7C4CF18786746FECAD075DB8B1B00CCE228913863D4E4AE7F5AC1D7F5FD5BC457BF6CD7752BBD42E71B44973299081E833D07B0A007F84EC6E352F14691656485EE6E2EE28E351DD8B802BF4FABE6DFD95BE19787AD6CA1F192EAD6DAD6A7831C420560962C47CCA4300C64C1C6481C1E339CD7D25401F0A7ED77FF259AEFF00EBCEDFFF0041AE87F630D42CF4FF0014F889EFEEEDED51AC902B4F2AA0277F41935CF7ED77FF00259AEFFEBCEDFF00F41AF1FB2B0BCBE665B1B5B8B96519610C65C81EF81401FA6BFF00093683FF0041BD33FF0002E3FF001AB561AAE9DA83B2585FDA5D320CB082657207BE0D7E65FF00C23DAD7FD02351FF00C067FF000AFA2FF62ED32FEC7C55E227BDB2BAB656B240A66899013BFB645007D6B4514500145145001451450014514500145145001451450014514500145145007C41FB647FC95C8BFEC190FF00E85256B7EC4BFF0023EEBDFF0060CFFDAA9593FB647FC95C8BFEC190FF00E85256B7EC4BFF0023EEBDFF0060CFFDAA9401F64D7CEBFB6D7FC885A0FF00D84FFF00693D7D155F3AFEDB5FF221683FF613FF00DA4F401F3A7C04FF0092C7E12FFAFE5FE46BF456BF3ABE027FC963F097FD7F2FF235FA2B401F107ED91FF25722FF00B0643FFA1495ADFB12FF00C8FBAF7FD833FF006AA564FED91FF25722FF00B0643FFA1495E51E10F17EBDE0EBD9AEFC35A8C96173347E548E8AAC59720E3E607B81401FA6D457E7AFFC2F3F891FF434DD7FDF98BFF88AEC7E0F7C5EF1DEB9F13BC39A66ABE22B8B9B1B9BB58E689A28C075C1E32173401F6CD7E65FC41FF91F7C4BFF00613B9FFD1AD5FA695F997F107FE47DF12FFD84EE7FF46B5007D63FB2BF86340D63E10C52EAFA26977F2B5E4EACF75691CAC40230096078AF20FDAA3E1B69DE07F1169DA8F87EDFECDA56A88F9B75C948664C6E0BE8086040F66C71C0F77FD907FE48E41FF5FD3FF314FF00DADB403ACFC23B8BB89374FA55CC77631D761251FF000C3E4FFBB401E09FB2378B25D0FE26A68F24AC2C35A8DA06427E513282D1B7D7865FF81FE5F71D7E5EF86F559B42F10E99AB5B13E758DCC77298EE518363F4AFD3BB0BB86FEC2DAF2D5B7DBDC46B2C6DEAAC0107F23401F0DFED77FF00259AEFFEBCEDFF00F41AEAFF00621FF91B3C49FF005E31FF00E8CAE53F6BBFF92CD77FF5E76FFF00A0D79BF83FC65E20F06DCDC5C78675292C26B8411CAC88AC5941C81F303DE803F4CE8AFCF5FF0085E7F123FE869BAFFBF317FF00115DD7C0FF008B5E39F107C55F0FE97AC7882E2EAC2E657596168A301C08DC8E4283D40A00FB428A28A0028A28A0028A28A0028A28A0028A28A0028A28A0028A28A0028A28A00E3FC57F0CFC1FE2DD506A3E22D121BEBD118884AF248A7682481F2B01DCD4BE10F877E14F075ECD77E1AD1E1B0B99A3F2A4747762CB9071F331EE0579DF887F695F07683AFEA7A45E69BE207B9D3EEA5B495A282128CF1B952549941C641C640ACFFF0086ABF03FFD02BC49FF0080F07FF1EA00F7FAC1F17F84341F18D94369E25D3A3BFB6864F363476650AD8233F291D89AF1EFF86ABF03FF00D02BC49FF80F07FF001EA3FE1AAFC0FF00F40AF127FE03C1FF00C7A803D0F44F843E04D0F55B5D4F4AF0EDBDB5F5B38921956590946F5C16C57795E01FF0D57E07FF00A057893FF01E0FFE3D47FC355F81FF00E815E24FFC0783FF008F5007A7F8AFE19F83FC5BAA0D47C45A2437D7A2311095E4914ED04903E5603B9AC6FF008519F0DFFE856B5FFBFD2FFF00175C4FFC355F81FF00E815E24FFC0783FF008F51FF000D57E07FFA057893FF0001E0FF00E3D401DB7FC28CF86FFF0042B5AFFDFE97FF008BABBA27C21F02687AADAEA7A57876DEDAFAD9C490CAB2C84A37AE0B62BCF3FE1AAFC0FF00F40AF127FE03C1FF00C7A8FF0086ABF03FFD02BC49FF0080F07FF1EA00F7FAF3CBEF82FF000F6FEF6E2EEEFC336D2DCDC48D2CAE65941666392786EE4D707FF0D57E07FF00A057893FF01E0FFE3D47FC355F81FF00E815E24FFC0783FF008F5007B4785BC37A478534A1A6787EC92CAC43B482246661B8F539624D5ED4AC6DB53D3AE6C2FE149ECEE63686689FA3A30C107EA0D784FF00C355F81FFE815E24FF00C0783FF8F51FF0D57E07FF00A057893FF01E0FFE3D401DB7FC28CF86FF00F42B5AFF00DFE97FF8BAEFB47D36D347D2ED74ED361F26CAD63114316E2C1100C000924E00AF0BFF0086ABF03FFD02BC49FF0080F07FF1EA3FE1AAFC0FFF0040AF127FE03C1FFC7A803D33C51F0C3C1BE2AD59B53F1068505EDF322A195E4914951D060301593FF0A33E1BFF00D0AD6BFF007FA5FF00E2EB89FF0086ABF03FFD02BC49FF0080F07FF1EA3FE1AAFC0FFF0040AF127FE03C1FFC7A803B6FF8519F0DFF00E856B5FF00BFD2FF00F175A1A07C25F03787F58B6D5347F0FDBDADFDB12D14CB2C84A12083C1623A135E73FF000D57E07FFA057893FF0001E0FF00E3D5D3FC39F8EDE19F1FF89A3D0F47B1D661BB78DE50F750C4A985193CAC8C73F85007AC5145140051451400514514005145140051451400514514005145140051451401F9ADF163FE4A9F8CBFEC357BFF00A3DEB94AF50F89BE01F18DE7C49F165D59F84FC413DB4DAB5DC914B169B332488D3390CA42E08208208AE6BFE15C78E3FE84DF127FE0AE7FFE2680394A2BABFF008571E38FFA137C49FF0082B9FF00F89A3FE15C78E3FE84DF127FE0AE7FFE2680394A2BABFF008571E38FFA137C49FF0082B9FF00F89A3FE15C78E3FE84DF127FE0AE7FFE2680394A2BABFF008571E38FFA137C49FF0082B9FF00F89A3FE15C78E3FE84DF127FE0AE7FFE2680394A2BABFF008571E38FFA137C49FF0082B9FF00F89A3FE15C78E3FE84DF127FE0AE7FFE2680394A2BABFF008571E38FFA137C49FF0082B9FF00F89A3FE15C78E3FE84DF127FE0AE7FFE2680394A2BABFF008571E38FFA137C49FF0082B9FF00F89A3FE15C78E3FE84DF127FE0AE7FFE2680394A2BABFF008571E38FFA137C49FF0082B9FF00F89A3FE15C78E3FE84DF127FE0AE7FFE2680394A2BABFF008571E38FFA137C49FF0082B9FF00F89A3FE15C78E3FE84DF127FE0AE7FFE2680394AF69FD913FE4B35A7FD79DC7FE835C0FF00C2B8F1C7FD09BE24FF00C15CFF00FC4D7AE7ECB9E0EF1368BF166DAF358F0E6B3A7DA0B59D4CF75632C48095E06E650326803ECDA28A2800A28A2800A28A2800A28A2800A28A2800A28A2800A28A2800A28A2800A28A2800A28A2800A28A2800A28A2800A28A2800A28A2800A28A2800A28A2800A28A2800A28A2800A28A2800A28A2800A28A2800A28A2800A28A2800A28A2800A28A2800A28A2800A28A2800A28A2800A28A2800A28A2800A28A2800A28A2800A28A2800A28A2800A28A2800A28A2800A28A2800A28A2800A28A2800A28A2800A28A2800A28A2800A28A2800A28A2800A28A2800A28A2800A28A2800A28A2800A28A2800A28A2800A28A2800A28A2800A28A2800A28A2800A28A2800A28A2800A28A2800A28A2803FFD9),
	(4, 'SkinFlint', 'info@skinflint.ie', 'The best pizza you ever had!', 'www.skinflint.ie', '012346789', '30-32, Dame Street, Dublin 2', _binary 0xFFD8FFE000104A46494600010100000100010000FFDB00430006040506050406060506070706080A100A0A09090A140E0F0C1017141818171416161A1D251F1A1B231C1616202C20232627292A29191F2D302D283025282928FFDB0043010707070A080A130A0A13281A161A2828282828282828282828282828282828282828282828282828282828282828282828282828282828282828282828282828FFC00011080120012003012200021101031101FFC4001F0000010501010101010100000000000000000102030405060708090A0BFFC400B5100002010303020403050504040000017D01020300041105122131410613516107227114328191A1082342B1C11552D1F02433627282090A161718191A25262728292A3435363738393A434445464748494A535455565758595A636465666768696A737475767778797A838485868788898A92939495969798999AA2A3A4A5A6A7A8A9AAB2B3B4B5B6B7B8B9BAC2C3C4C5C6C7C8C9CAD2D3D4D5D6D7D8D9DAE1E2E3E4E5E6E7E8E9EAF1F2F3F4F5F6F7F8F9FAFFC4001F0100030101010101010101010000000000000102030405060708090A0BFFC400B51100020102040403040705040400010277000102031104052131061241510761711322328108144291A1B1C109233352F0156272D10A162434E125F11718191A262728292A35363738393A434445464748494A535455565758595A636465666768696A737475767778797A82838485868788898A92939495969798999AA2A3A4A5A6A7A8A9AAB2B3B4B5B6B7B8B9BAC2C3C4C5C6C7C8C9CAD2D3D4D5D6D7D8D9DAE2E3E4E5E6E7E8E9EAF2F3F4F5F6F7F8F9FAFFDA000C03010002110311003F00FAA68A28A0028A28A0028A28A0028A28A0028A28A0028A28A0028A28A0028A28A0028A28A0028A28A0028A28A0028A28A0028A28A0028A28A0028A28A0028A28A0028A28A0028A28A0028A28A0028A28A0028A28A0028A28A0028A28A0028A28A0028A28A0028A28A0028A28A0028A28A0028A28A0028A28A0028A28A0028A28A0028A28A0028A28A0028A28A0028A28A0028A28A0028A28A0028A28A0028A28A0028A28A0028A28A0028A28A0028A28A0028A28A0028A28A0028A28A0028A28A0028A28A0028A28A0028A28A0028A28A0028A28A0028A28A0028A28A0028A28A0028A28A0028A28A00F91FF006AA3E32F0778BA0D5B46F13EBF6DA1EAA3E4860D4664482650372050D8008C30FAB63A5733FB3CFC58D7ACFE2669F67E26D7F53D474CD4BFD08ADF5DC932C52311E5B8DC4E0EE0173E8C6BEB0F8AFE0D83C79E05D4B4298AA4D2AF996D2B0FF5532F28DF4CF07D89AFCE3BCB6BAD2F529ADAE6392DAF6D6531C887E568E453823D8822803F52ABE2CFDA57E2A6B927C4BBAD33C31AEEA7A758694A2D5C58DDBC225981CC85B6919209DBCF4DA7D6BDE34BF8AF0BFECFFF00F09C4EC8D7B05998A48CFF0015E03E585C7A33E0FF00BA735F0B58DA5FF8875D86D6D964BBD4F50B808A339692476EE7DC9EB401F46FECAEBE32F18F8AA6D635AF13F882E342D2F868A6D46674B8988F95082D8200F988FF007477AEBFE3A7ED091F856FAE340F06A4177ABC24A5CDDC837456CDD0A28FE271DF3C03C727206BF8D2487E067ECFAB61A449B753751691DC2705EEA504BCBCF3C00E47A6D515F10C692DD5CAA20796799C003AB3B13FA926803AEBFF008A5E3CBEBA7B89FC61AEAC8DD4417B2429F82A10A3F01502FC48F1C2B061E32F12641CF3A9CC47E5BABED4F835F07B43F026816CF79636D79E219630D757732090A311CA479FBAA3A64727A9EC0745F107E1BF86FC73A44F67ABE9D02DC329115EC51859A16ECCADD7AF383C1EF401F37FC23FDA5754B1BEB7D37C7EE2F74D73B7FB4563C4D0FA160A30EBEB81BBBF3D2BEBDB5B886EED61B9B59526B7990491C8872AEA464107B820D7E6578CFC3D77E13F14EA7A16A38373633189980C071D5587B329047B1AFAB7F634F19CDAAF86751F0C5F48D24BA5309AD8B1CFEE1C9CAFFC0587E4C3D2803CFF00F6A3F18F89B45F8B37367A3F88F59D3ED05AC0C20B5BE962404AF276AB01935D7FEC73E26D7B5FD4FC509AF6B7A9EA6B0C3018C5EDDC9304259F3B77138CE074F4AF32FDAEFF00E4B35DFF00D79DBFFE835DB7EC3BFF00216F16FF00D70B6FFD0A4A00FAD6BE6BFDB2BC47AE787FFE110FEC1D6752D33CFF00B679BF62BA787CCDBE46DDDB48CE32719E9935F4A57CABFB73FF00CC93FF006FDFFB6F401CA7ECC9E33F146B3F17F4BB2D5FC49AD5FD9BC339682EAFA596362226232ACC41C1AF61FDAE3C49ACF86BC13A44FA06A777A74D3DFF00952496D214665F2DCE3239EA057807EC9DFF0025B748FF00AE171FFA29ABDA7F6DAFF910B41FFB09FF00ED27A00F983FE163F8E3FE872F127FE0D27FFE2A8FF858FE38FF00A1CBC49FF8349FFF008AAB5F05555FE2D78455D4329D4A10411907E615FA29AA69961AB5A3DAEA9656D796CE0AB457112C8A41EA3045007C23E09F8FFE3AF0D5DC46EF537D6AC41FDE5B6A077961ED27DF07F123D41AFB5FE1FF008BF4DF1CF856CF5DD1D9BC89C10F1BE37C2E3EF2363B8FD460F7AF813E357872C7C27F147C41A36927FD06DE65689776ED8AF1ABECCFFB3BB6FE15F427EC3F3CCDE1EF14DBB16FB3C7750C883B066460DFA2AFE9401F4CD14514005145140051451400514514005145140051451400514514005145140057C73FB61F803FB2BC436FE2FD3A122CF53222BCDA388EE00E1BDB7A8FCD4FAD7D8D5C17C79B3B7BEF83DE2B4BB856558EC5E640DFC2E8372B0F70403401F0147E25D4A3F084DE1A59C8D2A5BC5BE68FFE9A2A14FC88238F551E95F44FEC71F0FBCEB9B8F1BEA510F2E1DD6DA7061D5F189241F40760FAB7A57CB95FA5FF000CAD60B2F875E1982D6258A15D36DC855181931A927F1249FC6803C0FF006E3BB74D3BC216633E5CB2DD4CDCF1941101FF00A30D783FC0BB24BFF8BFE1282550CA2FE39704E394F9C7EAB5F42FEDBBA4C971E17F0DEAC89BA3B3BB96DDC8CFCBE6A023F0FDD7F2F5AF997E19EB717873E20F87B57B938B7B4BE8A498FA47B8073FF7C93401FA5D452232BA2BA3065619041C82296803E21FDB2ACA2B5F8B704D10C3DDE970CD27BB07923FE48B4CFD8E6E5E0F8BAF1297DB71A74C8C074E191B9FFBE6B2BF6A9F1045AF7C61D412DDC490E9B0C760AC0F195CB38FC1DD87E15D5FEC53A44973E3CD6756C37916561E492071BE5752BFA46F401CFF00ED77FF00259AEFFEBCEDFF00F41AEDBF61DFF90B78B7FEB85B7FE8525721FB61DB3C1F180CAE0EDB8D3E09138EC0B2FF003535D17EC477AB1F8BFC45645D434F6292853D4EC931FF00B3D007D855F2AFEDCFFF00324FFDBF7FEDBD7D555F24FEDC57C926B1E12B0057CC820B89C8EE048C8A3FF459FD680382FD93BFE4B6E91FF5C2E3FF0045357B4FEDB5FF00221683FF00613FFDA4F5E3BFB235B3CFF19ECA4404ADBDA5C4AF819C029B79F4E5857B17EDB5FF00221683FF00613FFDA4F401F2878275DFF8463C5DA46B9F66FB57F67DCA5C791BF6799B4E71BB071F5C1AF7FD6BF6B2D52E2CE48F46F0BDAD95CB2E165B8BB37014FAED0899FCFF00C2BC17E1FE870F897C6FA1E8B752C91417F771DBBC91E372863824678CD7D03F113F65F874AF0D5E6A5E14D5EEEEEEAD23699AD2E91499954648565C61B1D01073D38A00F03D334BF12FC44F14CDF62B7BBD5B57BC94CB348067058F2CEDD157DCE00AFBC7E097C3E8FE1CF81E0D29A459B5099CDCDECABD1A5200DABDF6A8000F5C13C6715F00F853C47AAF8535CB6D5F42BB92D6F606C8653C30EEAC3A329EE0D7E8FF00813C47078BBC1DA46BD6A02C77D6EB294073B1FA3AFE0C08FC2803768A28A0028A28A0028A28A0028A28A0028A28A0028A28A0028A28A0028A28A002B8AF8D9FF248FC5FFF0060C9FF00F4135DAD61F8EB426F13F83B59D1239D6DDF50B592DC4ACBB821618CE38CD007E63D7E9AFC3EFF00910BC35FF60CB6FF00D14B5F34FF00C3255FFF00D0DB6BFF00802DFF00C5D7D4BE1CD38E91E1ED2F4D6904AD676B15B9900C062881738ED9C500667C45F0A5AF8DBC19AA68178C116EE3C472EDCF95203947FC180FA8C8EF5F9CBE2AF0EEA7E15D7AEF47D72D5EDAFAD9B6B2B0E1876653DD4F507BD7E9ED719F127E1AF86FE21D8AC3E20B326E6252B05E42764D0E7D1BB8F6208F6A00F993E0FF00ED1F75E13D0EDF44F14D84DAA58DAA88EDAE6070268D074421B8600700E4100639EDD0FC40FDA9D2EB4A9ED3C11A55D5B5D4AA545EDFED0D103D4AC6A5816F425B03D0D56D6BF64DD416E1CE89E27B59603CAADE5BB46C3D8952C0FD703E951695FB26EAEF709FDADE26B0860CFCC6DA079588F6DDB47F87BD007CE16B6F79AB6A51C16D1CF797D7526D54505E495D8FE64935FA07F017E1F7FC2BBF02436373B1B56BB6FB4DEBAF2039000407D14003EB93DE9DF0BFE0FF0085BE1E1171A5DBC975AA9428D7F74774983D4281C20FA0CFA935E8B401F37FED97E0A9F54D034EF155844D249A6660BB0BC910B1CABE3D15BAFF00BF9E80D7CB9E01F166A3E08F15596BDA4143736C4E63933B254230C8D8EC41FC383DABF4C278A39E19219E34922914A3A3A82ACA460820F506BE78F1F7ECBBA26AF7735EF853527D1A49097369247E6C193D9790C83FEFA1E80500575FDAC740FECCDEDE1CD53FB476FF00A912C7E567D3CCCE71FF0000AF993E2378CF52F1EF8AEEB5DD5F6ACB2E1238533B218C7DD45CFA727DC927BD7B30FD943C4DBF075FD1B667AE25CE3E9B7FAD7A17807F660D0345BC8AF3C51A849AE4B190CB6C23F260CFFB4324B8FC40F5068028FEC6BE07B8D2F46D43C59A8C4D149A928B7B35618260072CFF00466031FEE67A11567F6DAFF910B41FFB09FF00ED27AFA2228D218923891523401551460281D001D8579BFC74F86B37C4DF0F69FA6DBEA51E9CD6B75F68323C2640C3632E3008FEF5007C57F04FFE4AE7843FEC2707FE842BF47ABE67F02FECCF79E18F18E8DADC9E26B7B84D3EEA3B8312D9B2970A738CEF38AFA62803F347E26683FF0008C7C40F1068C176C7697922C4318FDD9394FF00C74AD7D53FB176BFF6FF0000EA7A2C8F9974CBCDE83D2294640FFBED643F8D5DF8D1F007FE16178C7FB7AC3598B4D924B748A78DED8C9E63AE407C861FC3B463FD9AB5F03BE0B6A5F0C7C49797EDE20B7BFB4BBB7304B6EB6A50E4302AC0EE3D3047E26803DBA8A28A0028A28A0028A28A0028A28A0028A28A0028A28A0028A28A0028A28A0028AF9F7E2F7ED0577E00F1D5E787E1F0FC17A90471B899EE8A13BD0374DA7A66BA2F80DF186E3E285E6B105C68F169C2C2389C149CC9BF7961DD4631B6803D828A28A0028AABAA6A367A4E9F3DFEA7750DA5940BBE59A670A883D4935F3AF8DBF6A8D2AC6E64B6F0968F26A614E3ED772E618CFBAAE0B11F5DB401F4A515F19A7ED5BE2D1704BE89A11831C20498367FDEF331EBDABD17C03FB50683ABDC4569E2BB0934499B8FB4A3F9D013EFC065FC88F53401F43D151DBCD15CC11CF6F2A4B0C8A1D248D832B29E410470454940051585E30F17683E0ED33EDFE25D4A0B0B72484DE496908EC8A32CC7D8035E03E26FDABF4E85E48BC35E1DB8BB00E167BD98440FBEC50C4FE62803E9BA2BE3A3FB58788FCD04787B48F2BFBBBE4CFE79FE95D5F843F6A98351D46D6C75BF0BCF13CF22C4B2D8DC090966381F2305EFFED5007D35451595E27F10E93E16D1E6D575FBE8ACAC62FBD2C87A9ECA00E589F4009A00D5A2BE5CF16FED5D04570F0F84FC3E6E225240B9BF93606FA46BCE3EADF8572F6FFB5778AD666371A1E84F167E554595180F725CE7F2A00FB2E8AF0DF86FFB487867C53770E9FAD412683A84A424666904903B1E3024C0DBFF0002007BD7B9039191D2800A28A2800A28A2800A28A2800A28A2800A28A2800A28A2800A28A2800A28A2803E0CFDAC7FE4B6EAFF00F5C2DFFF00452D77DFB0EFFC85BC5BFF005C2DBFF4292B81FDAC7FE4B6EAFF00F5C2DFFF00452D77DFB0EFFC85BC5BFF005C2DBFF4292803EB5A28AC0F881ABBE81E05F106AD167CDB3B09A68F1FDF54257F5C5007C73FB4EFC50B9F1778AEE341D36E197C3DA64A620A8DF2DCCCBC348D8EA01C85FA67BD72DF067E14EA9F137569A3B6956CB4AB5C7DAAF5D776D27A2AAE46E63F5000EA7A03E7449624B1249E4935FA0FFB386831681F07BC3EB1C7B65BE87EDF331182ED2FCC0FFDF3B47D050070179FB28F85DB4F64B2D775A8AFB6F12CA62923DDEBB0229C7B6EAF97FE24781F56F87FE269B46D6D14B81E6433C79F2E78CF47527F10476208AFD2BAF9EFF6D0D0A0BCF87FA76B3B545DE9F7AB187C7263914865FF00BE950FE0680387FD913E25DC5A6B0BE09D5A6692C6E833E9ECEC4F93281B8C63D1580240FEF0FF006ABE98F889E2EB2F03F83F50D7B51F9E3B64FDDC40E0CD21E1107D4F7EC327B57E71F85F559343F12E95AAC24892C6EA2B9047FB0E1BFA57D2DFB6FEB720FF008467424C884F997B273C330C227E40BFE7401F3B78E7C5DABF8DBC4171ABEBB74F34F213B133F2429D9107603F5EA724E6BD1BE16FECFBE24F1C69D0EA9773C5A2E9330DD14B3C65E5957FBCB1823E5F72467B64735CA7C0DF0C41E2FF008A5A16937C8AF64D299AE11BA3A46A5CA9F63B71F8D7E8BAA8550AA005030001C01401F340FD93347D983E28BFDF8EBF664C67E99FEB517847F667BCF0CFC45D0B56FEDAB4D4B48B2B91712AC90B45282A0B26172C0FCE173C8F5C76AF5DD4FE3278034BD4AEF4FBFF00125BC3796933C1344629494752559785C7041155BFE179FC37FF00A1A6D7FEFCCBFF00C45007A34F2C704324D33AC7146A5DDD8E028032493E95F9EBF1C7E255EFC45F174F389644D12D5CC7616DB8ED080E3CC23FBEDD49EC303B57D6FF001E3C5500F809AD6B1A2CFE7DBEA36B1C304CA080F1CCCA84F3C8F919ABE01A00F5FF0081DF04F50F892B2EA3777474DD0617F2CCE13749338EAA83A71C658FAF00F38F64D7BF651F0FBE9CE340D775582FC0CA1BD31CB131F4211148FAE4FD0D7B8FC3FD062F0C782744D1608C462CED238DC7ABE32E4FB962C4FB9AE82803F30BC57E1ED4BC2BE20BDD175A80C17D68FB1D7B11D4329EEA46083E86BEABFD913E255C6B5633F83F5A98CB75610F9D6333B659E104031927AEDC8C7FB27FD9AC1FDB7742863BCF0DEBD12AACF32CB6731FEF05C327FE84FF00A578D7C04D51F48F8C5E14B88D88F36F92D4FB897F7447FE3F401FA2B4514500145145001451450014514500145145001451450014514500145145007C19FB58FF00C96DD5FF00EB85BFFE8A5AEFBF61DFF90B78B7FEB85B7FE8525703FB58FF00C96DD5FF00EB85BFFE8A5AE97F640F14E85E18D4FC4CFE21D5ACF4D49E180446E65081C867CE33D7191401F675715F1AED5EF3E1278BA18C333FF66CCE029E4ED52DFD3A51FF000B5FC03FF437E89FF816BFE35774AF19784BC5B2CFA5693AE69BA9CB2C2DE65BC13ABB18FA31C0EDCFEB401F9A75FA3FF052FA3D43E11F8426871B574C8203839F9A34119FD54D7C0FF12BC2575E08F1AEA7A15E2B62DE52609187FAD84F28E3EA319F7C8ED5EDFF00B2DFC61D3BC3962FE13F155CADA58994CB657921C47116E5A373FC209CB03D325B3DA803EBEAF11FDB02F96D7E0F4903300D797D042A3D71B9FF00F64AF56BBF14E8167A79BFBAD6F4C8AC802DE7B5D20423D8E79AF8A7F695F8A56FF107C456D67A2333683A66E10C8C0AFDA246C6E930790380067DCF7C500790E9F6AF7D7F6D69167CC9E55897033CB1007F3AFA23F6DBB778FC63E1C9F69113E9ED1A9C71959093CFFC085721FB2F78266F15FC4BB3BF9636FECCD1596F26723832039893EA5867E8A6BE89FDAB3C0F3F8B3E1E2DFE9D134BA8E8AED7291AAE59E22009147BE02B7FC03E9401F37FECB5A945A77C6AD144EC152E926B604FF79A36DA3F1200FC6BEFAAFCB2B1BB9EC2F6DEF2CE5686E6DE45962917AA3A9C823DC102BEDBF853FB43786BC49A65BDB78A6F21D175B450B235C1D904C7805D5FA2E7FBAD8C7BD0078CFC46F811E3DD4BC6BE28D62D34CB76B0BAD42EAEE27377182636919C1C1391C1E95E075FA53AE78D3C2D168B79249E24D1550C0F826FA2E78238F9B9AFCD6A00FAFBE225A35CFEC71A2BA2B9FB3D9D8CA76FA6E55E7DBE6AF906BF41BC09A141E27FD9E346D12E9B6C57FA22405F19D84C7C37E0707F0AF8235DD26F342D66F34BD4E1686F6D25686543D981FE5DC1F4A00FD3BD2AF62D4B4CB3BEB720C3750A4E841CE559411FA1AB55F347ECCDF19F493E1BB3F09F8AAFA2B1BDB21E559DCDC3ED8E68BF850B1E1597A0CE32318E6BDE35CF19F86F42D35AFF0056D734EB6B50BB8334EA4B8EBF28072C7D866803C13F6E0BE44D03C2F61B87992DD4D3EDC738440B9FFC7FFCE2BE79F82F68F7BF16BC1F1459DCBAA5BCC7033C23873FA29AD0F8E9F10DBE2378E26D461568B4BB64FB358C6DF7BCB049DEDFED3124FB0C0E719AF48FD8DFC153EA1E2CB9F16DCC6CB65A623416EC47124EEB838FF7509CFF00BE2803EC8A28A2800A28A2800A28A2800A28A2800A28A2800A28A2800A28A2800A28A2803E2AFDA6FC19E28D67E2FEA97BA4786F5ABFB378600B3DAD8CB2C6C444A0E195483835E57FF0AE3C71FF00426F893FF0573FFF00135FA5345007E6B7FC2B8F1C7FD09BE24FFC15CFFF00C4D7B2FECA1E10F12E87F1464BBD6BC3DAC69D6A74F993CEBBB29614DC59303732819E0F1ED5F6251401E71F19BE14695F1334945B87FB1EB16CA45A5EAAE76E7F81C7F1213DBA83C8EE0FC6DE30F833E3AF0B5C4A977A0DD5E5B29C2DD5821B88D87AFCA32BFF000202BF4428A00FCC28BC35AECB2048B45D4DDCF455B49093F862BD2FC01FB3DF8D3C4F751B6A766DA0E9D905E7BE5DB263D162FBC4FF00BDB47BD7DE54500737F0FBC17A3F80FC390E8FA0C252153BE495CE649A4239763EA71F41D05749451401F36FC62FD9B60D72FAE358F034D058DE4A5A49AC262443239E4946E7613CF1F77FDD15F3B6BBF097C7BA248CB7DE15D5582E72F6D09B84FAEE8F70AFD1BA2803F32C782BC54C405F0D6B649E001612FF00F135D4683F047E21EB4EA20F0CDE5B21C12F7A56DC283ECE41FC0026BF4328A00E77E1CE8B73E1CF01E81A35FB44D7763671C129889285954038240C8FC2BCFF00E3AFC13B1F88C8353D3668F4FF0011C49B04CC0F9770A3A2C98E463B30C91D3078C7B151401F9C5E28F855E37F0CCEE9A9F8735031A923CFB788CF11F7DE99038E79C1AC2B5F0AF886EE7586D742D56695B8091D9C8C4FE0057E9D51401F11FC35FD9BBC4FAFDDC571E2A43A1694082EAE41B8907A2A0CEDFAB631E86BEC9F0CE83A6F86343B4D2344B65B5B0B54D91C6BCFD49279249E493D4D69D14005145140051451400514514005145140051451400514514005145140051451401CA789BE22784BC2FA90B0F106BB696178631288A5273B4E403C0F6352F857C7BE17F165E4D6BE1CD6AD750B8863F3644849CAAE40CF23D48AF91BF6C8FF0092B917FD8321FF00D0A4AD6FD897FE47DD7BFEC19FFB552803EC9AC5F1578AB43F09D9C375E23D4A0D3EDE693CA8DE6270CD8271C0F406B6ABE75FDB6BFE442D07FEC27FFB49E803D5747F8A9E08D6753B6D3B4BF1258DCDEDC3EC8A142DB9DBD0715DAD7E757C04FF0092C7E12FFAFE5FE46BF45680394F137C44F09785F52161E20D76D2C2F0C625114A4E769C80781EC6B27FE173FC3BFF00A1B34EFCDBFC2BE61FDB23FE4AE45FF60C87FF004292BC83C39E1CD67C4B752DB787F4CBBD467893CC78EDA32E557206481DB245007DFBFF000B9FE1DFFD0D9A77E6DFE15A9E1BF88FE10F136A6BA7683AF59DF5EB29710C44EE2A3A9E457C1DFF000AA3C7DFF4286B7FF808DFE15EB1FB31780FC57E1FF8AD6D7DADF87F53B0B35B5990CD71032282578193401F635719AAFC53F02E957525B5F78AB4949E3728F1ACE1CA30EA085CE08E9CD7675F997F107FE47DF12FFD84EE7FF46B5007DD7FF0BCFE1BFF00D0D36BFF007E65FF00E22B4B47F8B3E03D62658AC7C55A5995885549A5F24B13D807C64D7C4FE05F839E30F1C688356D06D2DA4B02ED18925B9442597A8C1E7BD6278E7E1FF89FC0D3C51F89F4A96CD6624453065923931D83A9233EDD7DA803F4A5583286520A919041E08A5AF84FF672F8ABA9F847C59A768B7F7724DE1BBF996DDE095B2B6CCE70B2267EE8DC46E038233C6715F76500725E24F88FE10F0CEA6DA76BDAF59D8DEAA8730CA4EE0A7A1E0565FF00C2E7F877FF0043669DF9B7F857CABFB5DFFC966BBFFAF3B7FF00D06BCBBC39E19D6FC4D3CD0F87F4BBCD4658543C896D1172AA4E3271401F7DFF00C2E7F877FF0043669DF9B7F856B7867E22784BC51A91B0F0FEBB697F78233298A2273B46013C8F715F067FC2A8F1F7FD0A1ADFFE0237F857B17ECAFE06F14F877E27497BAEE81A969F6874F963135C40C8BB8B26064F7E0D007D794514500145145001451450014514500145145001451450014514500145145007C41FB647FC95C8BFEC190FFE85254BFB206BBA4683E35D6A7D7754B0D360934FD8925E5C242ACDE621C02C402700F1517ED91FF25722FF00B0643FFA1495E1F05BCD70C56DE2925603242296207E1401FA4BFF000B1FC0FF00F439786FFF0006907FF155E0BFB5FF008ABC3DAF782B458342D7B49D4A78F50DEF1D9DE47332AF96E32429240C91CD7CB7FD997FFF003E575FF7E9BFC2A29ED2E6DD435C5BCD1293805D0A827F1A00EE3E027FC963F097FD7F2FF235FA2B5F9D5F013FE4B1F84BFEBF97F91AFD15A00F883F6C8FF92B917FD8321FFD0A4ABBFB19DFD9E9FE39D724BFBBB7B58DB4EDAAD3481013E6A7009354BF6C8FF92B917FD8321FFD0A4AF12B2B1BBBE764B2B59EE5D464AC3197207AF1401FA6DFF093683FF41BD33FF02E3FF1AB561AAE9DA83B2585FDA5D320CB082657207BE0D7E65FFC23DAD7FD02351FFC067FF0AFA2FF0062ED32FEC7C55E227BDB2BAB656B240A66899013BFB645007D6B5F997F107FE47DF12FFD84EE7FF46B57E9A57E65FC41FF0091F7C4BFF613B9FF00D1AD401F64FEC83FF24720FF00AFE9FF0098A3F6BBBDD3ADFE105CDADEB47F6CB9B98459A13F36F5705980F64DC09FF6BDEBE47F0D7C4CF18786746FECAD075DB8B1B00CCE228913863D4E4AE7F5AC1D7F5FD5BC457BF6CD7752BBD42E71B44973299081E833D07B0A007F84EC6E352F14691656485EE6E2EE28E351DD8B802BF4FABE6DFD95BE19787AD6CA1F192EAD6DAD6A7831C420560962C47CCA4300C64C1C6481C1E339CD7D25401F0A7ED77FF259AEFF00EBCEDFFF0041AE87F630D42CF4FF0014F889EFEEEDED51AC902B4F2AA0277F41935CF7ED77FF00259AEFFEBCEDFF00F41AF1FB2B0BCBE665B1B5B8B96519610C65C81EF81401FA6BFF00093683FF0041BD33FF0002E3FF001AB561AAE9DA83B2585FDA5D320CB082657207BE0D7E65FF00C23DAD7FD02351FF00C067FF000AFA2FF62ED32FEC7C55E227BDB2BAB656B240A66899013BFB645007D6B4514500145145001451450014514500145145001451450014514500145145007C41FB647FC95C8BFEC190FF00E85256B7EC4BFF0023EEBDFF0060CFFDAA9593FB647FC95C8BFEC190FF00E85256B7EC4BFF0023EEBDFF0060CFFDAA9401F64D7CEBFB6D7FC885A0FF00D84FFF00693D7D155F3AFEDB5FF221683FF613FF00DA4F401F3A7C04FF0092C7E12FFAFE5FE46BF456BF3ABE027FC963F097FD7F2FF235FA2B401F107ED91FF25722FF00B0643FFA1495ADFB12FF00C8FBAF7FD833FF006AA564FED91FF25722FF00B0643FFA1495E51E10F17EBDE0EBD9AEFC35A8C96173347E548E8AAC59720E3E607B81401FA6D457E7AFFC2F3F891FF434DD7FDF98BFF88AEC7E0F7C5EF1DEB9F13BC39A66ABE22B8B9B1B9BB58E689A28C075C1E32173401F6CD7E65FC41FF91F7C4BFF00613B9FFD1AD5FA695F997F107FE47DF12FFD84EE7FF46B5007D63FB2BF86340D63E10C52EAFA26977F2B5E4EACF75691CAC40230096078AF20FDAA3E1B69DE07F1169DA8F87EDFECDA56A88F9B75C948664C6E0BE8086040F66C71C0F77FD907FE48E41FF5FD3FF314FF00DADB403ACFC23B8BB89374FA55CC77631D761251FF000C3E4FFBB401E09FB2378B25D0FE26A68F24AC2C35A8DA06427E513282D1B7D7865FF81FE5F71D7E5EF86F559B42F10E99AB5B13E758DCC77298EE518363F4AFD3BB0BB86FEC2DAF2D5B7DBDC46B2C6DEAAC0107F23401F0DFED77FF00259AEFFEBCEDFF00F41AEAFF00621FF91B3C49FF005E31FF00E8CAE53F6BBFF92CD77FF5E76FFF00A0D79BF83FC65E20F06DCDC5C78675292C26B8411CAC88AC5941C81F303DE803F4CE8AFCF5FF0085E7F123FE869BAFFBF317FF00115DD7C0FF008B5E39F107C55F0FE97AC7882E2EAC2E657596168A301C08DC8E4283D40A00FB428A28A0028A28A0028A28A0028A28A0028A28A0028A28A0028A28A0028A28A00E3FC57F0CFC1FE2DD506A3E22D121BEBD118884AF248A7682481F2B01DCD4BE10F877E14F075ECD77E1AD1E1B0B99A3F2A4747762CB9071F331EE0579DF887F695F07683AFEA7A45E69BE207B9D3EEA5B495A282128CF1B952549941C641C640ACFFF0086ABF03FFD02BC49FF0080F07FF1EA00F7FAC1F17F84341F18D94369E25D3A3BFB6864F363476650AD8233F291D89AF1EFF86ABF03FF00D02BC49FF80F07FF001EA3FE1AAFC0FF00F40AF127FE03C1FF00C7A803D0F44F843E04D0F55B5D4F4AF0EDBDB5F5B38921956590946F5C16C57795E01FF0D57E07FF00A057893FF01E0FFE3D47FC355F81FF00E815E24FFC0783FF008F5007A7F8AFE19F83FC5BAA0D47C45A2437D7A2311095E4914ED04903E5603B9AC6FF008519F0DFFE856B5FFBFD2FFF00175C4FFC355F81FF00E815E24FFC0783FF008F51FF000D57E07FFA057893FF0001E0FF00E3D401DB7FC28CF86FFF0042B5AFFDFE97FF008BABBA27C21F02687AADAEA7A57876DEDAFAD9C490CAB2C84A37AE0B62BCF3FE1AAFC0FF00F40AF127FE03C1FF00C7A8FF0086ABF03FFD02BC49FF0080F07FF1EA00F7FAF3CBEF82FF000F6FEF6E2EEEFC336D2DCDC48D2CAE65941666392786EE4D707FF0D57E07FF00A057893FF01E0FFE3D47FC355F81FF00E815E24FFC0783FF008F5007B4785BC37A478534A1A6787EC92CAC43B482246661B8F539624D5ED4AC6DB53D3AE6C2FE149ECEE63686689FA3A30C107EA0D784FF00C355F81FFE815E24FF00C0783FF8F51FF0D57E07FF00A057893FF01E0FFE3D401DB7FC28CF86FF00F42B5AFF00DFE97FF8BAEFB47D36D347D2ED74ED361F26CAD63114316E2C1100C000924E00AF0BFF0086ABF03FFD02BC49FF0080F07FF1EA3FE1AAFC0FFF0040AF127FE03C1FFC7A803D33C51F0C3C1BE2AD59B53F1068505EDF322A195E4914951D060301593FF0A33E1BFF00D0AD6BFF007FA5FF00E2EB89FF0086ABF03FFD02BC49FF0080F07FF1EA3FE1AAFC0FFF0040AF127FE03C1FFC7A803B6FF8519F0DFF00E856B5FF00BFD2FF00F175A1A07C25F03787F58B6D5347F0FDBDADFDB12D14CB2C84A12083C1623A135E73FF000D57E07FFA057893FF0001E0FF00E3D5D3FC39F8EDE19F1FF89A3D0F47B1D661BB78DE50F750C4A985193CAC8C73F85007AC5145140051451400514514005145140051451400514514005145140051451401F9ADF163FE4A9F8CBFEC357BFF00A3DEB94AF50F89BE01F18DE7C49F165D59F84FC413DB4DAB5DC914B169B332488D3390CA42E08208208AE6BFE15C78E3FE84DF127FE0AE7FFE2680394A2BABFF008571E38FFA137C49FF0082B9FF00F89A3FE15C78E3FE84DF127FE0AE7FFE2680394A2BABFF008571E38FFA137C49FF0082B9FF00F89A3FE15C78E3FE84DF127FE0AE7FFE2680394A2BABFF008571E38FFA137C49FF0082B9FF00F89A3FE15C78E3FE84DF127FE0AE7FFE2680394A2BABFF008571E38FFA137C49FF0082B9FF00F89A3FE15C78E3FE84DF127FE0AE7FFE2680394A2BABFF008571E38FFA137C49FF0082B9FF00F89A3FE15C78E3FE84DF127FE0AE7FFE2680394A2BABFF008571E38FFA137C49FF0082B9FF00F89A3FE15C78E3FE84DF127FE0AE7FFE2680394A2BABFF008571E38FFA137C49FF0082B9FF00F89A3FE15C78E3FE84DF127FE0AE7FFE2680394A2BABFF008571E38FFA137C49FF0082B9FF00F89A3FE15C78E3FE84DF127FE0AE7FFE2680394AF69FD913FE4B35A7FD79DC7FE835C0FF00C2B8F1C7FD09BE24FF00C15CFF00FC4D7AE7ECB9E0EF1368BF166DAF358F0E6B3A7DA0B59D4CF75632C48095E06E650326803ECDA28A2800A28A2800A28A2800A28A2800A28A2800A28A2800A28A2800A28A2800A28A2800A28A2800A28A2800A28A2800A28A2800A28A2800A28A2800A28A2800A28A2800A28A2800A28A2800A28A2800A28A2800A28A2800A28A2800A28A2800A28A2800A28A2800A28A2800A28A2800A28A2800A28A2800A28A2800A28A2800A28A2800A28A2800A28A2800A28A2800A28A2800A28A2800A28A2800A28A2800A28A2800A28A2800A28A2800A28A2800A28A2800A28A2800A28A2800A28A2800A28A2800A28A2800A28A2800A28A2800A28A2800A28A2800A28A2800A28A2800A28A2800A28A2803FFD9);
/*!40000 ALTER TABLE `company` ENABLE KEYS */;

-- Dumping structure for table pocketwaiter.order
CREATE TABLE IF NOT EXISTS `order` (
  `id` int(11) NOT NULL AUTO_INCREMENT,
  `user_id` int(11) NOT NULL,
  `total` decimal(10,2) NOT NULL DEFAULT '0.00',
  `date_time_of_creation` datetime NOT NULL DEFAULT CURRENT_TIMESTAMP,
  `status` varchar(35) NOT NULL DEFAULT 'Open',
  `table_id` int(11) DEFAULT NULL,
  PRIMARY KEY (`id`),
  KEY `FK_order_table` (`table_id`),
  CONSTRAINT `FK_order_table` FOREIGN KEY (`table_id`) REFERENCES `table` (`id`)
) ENGINE=InnoDB AUTO_INCREMENT=8 DEFAULT CHARSET=latin1;

-- Dumping data for table pocketwaiter.order: ~2 rows (approximately)
/*!40000 ALTER TABLE `order` DISABLE KEYS */;
INSERT INTO `order` (`id`, `user_id`, `total`, `date_time_of_creation`, `status`, `table_id`) VALUES
	(6, 3, 17.69, '2018-04-09 15:45:27', 'Ready', NULL),
	(7, 3, 22.75, '2018-04-09 16:40:51', 'Ready', NULL);
/*!40000 ALTER TABLE `order` ENABLE KEYS */;

-- Dumping structure for table pocketwaiter.order_items
CREATE TABLE IF NOT EXISTS `order_items` (
  `order_id` int(11) NOT NULL,
  `item` int(11) NOT NULL,
  `product_id` int(11) NOT NULL,
  PRIMARY KEY (`order_id`,`item`),
  KEY `FK_order_items_product` (`product_id`),
  CONSTRAINT `FK_order_items_product` FOREIGN KEY (`product_id`) REFERENCES `product` (`id`)
) ENGINE=InnoDB DEFAULT CHARSET=latin1;

-- Dumping data for table pocketwaiter.order_items: ~9 rows (approximately)
/*!40000 ALTER TABLE `order_items` DISABLE KEYS */;
INSERT INTO `order_items` (`order_id`, `item`, `product_id`) VALUES
	(7, 1, 1),
	(7, 2, 5),
	(7, 3, 7),
	(7, 4, 8),
	(7, 5, 8),
	(6, 1, 11),
	(6, 3, 14),
	(6, 2, 15),
	(6, 4, 18);
/*!40000 ALTER TABLE `order_items` ENABLE KEYS */;

-- Dumping structure for table pocketwaiter.product
CREATE TABLE IF NOT EXISTS `product` (
  `id` int(11) NOT NULL AUTO_INCREMENT,
  `name` varchar(70) NOT NULL,
  `description` varchar(250) NOT NULL,
  `price` decimal(10,2) NOT NULL DEFAULT '0.00',
  `comp_id` int(11) DEFAULT NULL,
  `type` varchar(50) DEFAULT NULL,
  PRIMARY KEY (`id`),
  KEY `FK_product_company` (`comp_id`),
  CONSTRAINT `FK_product_company` FOREIGN KEY (`comp_id`) REFERENCES `company` (`id`)
) ENGINE=InnoDB AUTO_INCREMENT=20 DEFAULT CHARSET=latin1;

-- Dumping data for table pocketwaiter.product: ~16 rows (approximately)
/*!40000 ALTER TABLE `product` DISABLE KEYS */;
INSERT INTO `product` (`id`, `name`, `description`, `price`, `comp_id`, `type`) VALUES
	(1, 'Hamburger', 'Irish beef burger, Tomato, Lettuce, Onions, Mayo and Ketchup.', 5.95, 1, 'main'),
	(5, 'Cheeseburger', 'Irish beef burger topped with Dubliner Cheese, Tomato, Lettuce, Onions, Mayo and Ketchup.', 5.95, 1, 'main'),
	(6, 'Bacon Cheeseburger', 'Irish beef burger topped with Dubliner Cheese, Crispy bacon, Tomato, Lettuce, Onions, Mayo and Ketchup.', 6.95, 1, 'main'),
	(7, 'Fries', 'Freshly cut skinny fries.', 2.95, 1, 'side'),
	(8, 'Vanilla Milkshake', 'Vanilla milkshake.', 3.95, 1, 'drink'),
	(9, 'Coke', 'Can or Bottle of Coke. 330ml', 2.80, 1, 'drink'),
	(10, 'Fanta Orange', 'Can or Bottle of Coke. 330ml', 2.80, 1, 'drink'),
	(11, 'Wigwammer', 'Premium double decker pepperoni, double extra mozzarella.', 9.99, 4, 'main'),
	(12, 'The Big Buffalo', 'Premium pepperoni, ham, mushrooms, onions, peppers, fresh sweetcorn, extra cheese, Caribbean pineapple.', 9.99, 4, 'main'),
	(13, 'Garlic Bread', 'Squared cheesy garlic bread served as fingers.', 4.50, 4, 'side'),
	(14, 'Potato Wedges', 'Crispy potato wedges sprinkled with mild flavoured herbs and BBQ dip.', 4.50, 4, 'side'),
	(15, 'Cookies', 'Freshly baked warm cookies.', 1.95, 4, 'dessert'),
	(16, 'Ice-cream', 'Tub of assorted ice-cream flavour.', 3.65, 4, 'dessert'),
	(17, 'Water', '1l of still water.', 1.25, 4, 'drink'),
	(18, 'Coke', 'Can of Coke.', 1.25, 4, 'drink'),
	(19, 'Sprite', 'Can of Sprite.', 1.25, 4, 'drink');
/*!40000 ALTER TABLE `product` ENABLE KEYS */;

-- Dumping structure for table pocketwaiter.table
CREATE TABLE IF NOT EXISTS `table` (
  `id` int(11) NOT NULL AUTO_INCREMENT,
  `code` varchar(50) DEFAULT NULL,
  `comp_id` int(11) DEFAULT NULL,
  PRIMARY KEY (`id`),
  KEY `FK__company` (`comp_id`),
  CONSTRAINT `FK__company` FOREIGN KEY (`comp_id`) REFERENCES `company` (`id`)
) ENGINE=InnoDB AUTO_INCREMENT=21 DEFAULT CHARSET=utf8;

-- Dumping data for table pocketwaiter.table: ~20 rows (approximately)
/*!40000 ALTER TABLE `table` DISABLE KEYS */;
INSERT INTO `table` (`id`, `code`, `comp_id`) VALUES
	(1, 'WOW-1', 1),
	(2, 'WOW-2', 1),
	(3, 'WOW-3', 1),
	(4, 'WOW-4', 1),
	(5, 'WOW-5', 1),
	(6, 'WOW-6', 1),
	(7, 'WOW-7', 1),
	(8, 'WOW-8', 1),
	(9, 'WOW-9', 1),
	(10, 'WOW-10', 1),
	(11, 'SKIN-1', 4),
	(12, 'SKIN-2', 4),
	(13, 'SKIN-3', 4),
	(14, 'SKIN-4', 4),
	(15, 'SKIN-5', 4),
	(16, 'SKIN-6', 4),
	(17, 'SKIN-7', 4),
	(18, 'SKIN-8', 4),
	(19, 'SKIN-9', 4),
	(20, 'SKIN-10', 4);
/*!40000 ALTER TABLE `table` ENABLE KEYS */;

-- Dumping structure for table pocketwaiter.user
CREATE TABLE IF NOT EXISTS `user` (
  `id` int(11) NOT NULL AUTO_INCREMENT,
  `email` varchar(100) NOT NULL,
  `password` varchar(150) NOT NULL,
  `salt` varchar(150) NOT NULL,
  `type` varchar(20) NOT NULL,
  `phone_number` varchar(20) NOT NULL,
  `address` varchar(150) NOT NULL,
  `comp_id` int(11) DEFAULT NULL,
  PRIMARY KEY (`id`),
  UNIQUE KEY `email` (`email`),
  KEY `FK_user_company` (`comp_id`),
  CONSTRAINT `FK_user_company` FOREIGN KEY (`comp_id`) REFERENCES `company` (`id`)
) ENGINE=InnoDB AUTO_INCREMENT=6 DEFAULT CHARSET=latin1;

-- Dumping data for table pocketwaiter.user: ~4 rows (approximately)
/*!40000 ALTER TABLE `user` DISABLE KEYS */;
INSERT INTO `user` (`id`, `email`, `password`, `salt`, `type`, `phone_number`, `address`, `comp_id`) VALUES
	(1, 'admin@gmail.com', '62d2658576e4fd3102554d96c8516fba', 'thisisntasalt', 'admin', '0871925550', 'Dublin 8', NULL),
	(2, 'staffadmin@gmail.com', 'c9bc4f9f5cb8d582e061aeb3af964d71', 'thisisntasalt', 'staffadmin', '0871925555', 'Dublin 11', NULL),
	(3, 'customer@gmail.com', 'c9bc4f9f5cb8d582e061aeb3af964d71', 'thisisntasalt', 'customer', '0871925555', 'Dublin 1', NULL),
	(5, 'kitchen@gmail.com', 'c9bc4f9f5cb8d582e061aeb3af964d71', 'thisisntasalt', 'kitchen', '0871923334', 'Dublin 2', NULL);
/*!40000 ALTER TABLE `user` ENABLE KEYS */;

/*!40101 SET SQL_MODE=IFNULL(@OLD_SQL_MODE, '') */;
/*!40014 SET FOREIGN_KEY_CHECKS=IF(@OLD_FOREIGN_KEY_CHECKS IS NULL, 1, @OLD_FOREIGN_KEY_CHECKS) */;
/*!40101 SET CHARACTER_SET_CLIENT=@OLD_CHARACTER_SET_CLIENT */;
